Cluster,GHM
01,01C01S
01,01C031
01,01C032
01,01C033
01,01C034
01,01C03V
01,01C041
01,01C042
01,01C043
01,01C044
01,01C04V
01,01C04W
01,01C051
01,01C052
01,01C053
01,01C054
01,01C05V
01,01C05W
01,01C061
01,01C062
01,01C063
01,01C064
01,01C06V
01,01C06W
01,01C081
01,01C082
01,01C083
01,01C08J
01,01C091
01,01C101
01,01C102
01,01C104
01,01C131
01,01C132
01,01C13J
01,01C13Z
01,01C141
01,01C14J
01,01C151
01,01C15J
01,01K022
01,01K023
01,01K031
01,01K032
01,01K033
01,01K03Z
01,01K04J
01,01K05J
01,01K06J
01,01K072
01,01K073
01,01K074
01,01M01S
01,01M03W
01,01M042
01,01M04T
01,01M051
01,01M052
01,01M053
01,01M054
01,01M06V
01,01M071
01,01M072
01,01M073
01,01M074
01,01M07T
01,01M07Z
01,01M081
01,01M082
01,01M083
01,01M084
01,01M08T
01,01M08V
01,01M08W
01,01M091
01,01M092
01,01M093
01,01M094
01,01M09T
01,01M101
01,01M102
01,01M103
01,01M104
01,01M10T
01,01M10V
01,01M10W
01,01M111
01,01M112
01,01M113
01,01M114
01,01M11T
01,01M11V
01,01M11W
01,01M121
01,01M122
01,01M123
01,01M124
01,01M12T
01,01M12V
01,01M12W
01,01M131
01,01M132
01,01M133
01,01M134
01,01M13Z
01,01M14V
01,01M14W
01,01M151
01,01M152
01,01M153
01,01M154
01,01M15T
01,01M15Z
01,01M161
01,01M162
01,01M163
01,01M164
01,01M16T
01,01M16Z
01,01M171
01,01M172
01,01M173
01,01M17T
01,01M17V
01,01M17W
01,01M181
01,01M182
01,01M183
01,01M184
01,01M18T
01,01M191
01,01M192
01,01M193
01,01M194
01,01M201
01,01M202
01,01M203
01,01M204
01,01M20V
01,01M20W
01,01M211
01,01M212
01,01M213
01,01M214
01,01M21T
01,01M21Z
01,01M221
01,01M222
01,01M223
01,01M22T
01,01M22Z
01,01M231
01,01M234
01,01M251
01,01M252
01,01M253
01,01M254
01,01M25T
01,01M25V
01,01M25W
01,01M261
01,01M262
01,01M263
01,01M264
01,01M26T
01,01M271
01,01M272
01,01M273
01,01M274
01,01M27T
01,01M281
01,01M282
01,01M283
01,01M284
01,01M28T
01,01M291
01,01M292
01,01M301
01,01M302
01,01M303
01,01M304
01,01M30T
01,01M311
01,01M312
01,01M313
01,01M314
01,01M31T
01,01M32Z
01,01M331
01,01M332
01,01M334
01,01M34T
01,01M34Z
01,01M35T
01,01M35Z
01,01M36E
01,01M37E
02,02C021
02,02C022
02,02C024
02,02C02J
02,02C02V
02,02C02W
02,02C031
02,02C032
02,02C033
02,02C03Z
02,02C04Z
02,02C051
02,02C052
02,02C053
02,02C05J
02,02C05Z
02,02C061
02,02C06J
02,02C081
02,02C082
02,02C083
02,02C08J
02,02C08V
02,02C091
02,02C092
02,02C093
02,02C09J
02,02C09Z
02,02C101
02,02C103
02,02C10J
02,02C111
02,02C112
02,02C114
02,02C11J
02,02C121
02,02C12J
02,02M021
02,02M023
02,02M031
02,02M032
02,02M033
02,02M034
02,02M041
02,02M042
02,02M043
02,02M044
02,02M04T
02,02M04Z
02,02M052
02,02M06V
02,02M06W
02,02M071
02,02M072
02,02M073
02,02M074
02,02M07T
02,02M081
02,02M082
02,02M083
02,02M084
02,02M08T
02,02M09Z
02,02M10Z
03,03C02V
03,03C02W
03,03C03Z
03,03C071
03,03C072
03,03C074
03,03C07J
03,03C07V
03,03C091
03,03C09J
03,03C101
03,03C111
03,03C131
03,03C132
03,03C134
03,03C151
03,03C152
03,03C15J
03,03C161
03,03C162
03,03C163
03,03C164
03,03C16J
03,03C16V
03,03C16W
03,03C171
03,03C172
03,03C17J
03,03C191
03,03C19J
03,03C201
03,03C20J
03,03C20Z
03,03C21J
03,03C241
03,03C242
03,03C243
03,03C252
03,03C253
03,03C254
03,03C262
03,03C263
03,03C264
03,03C28J
03,03C291
03,03C293
03,03C29J
03,03K021
03,03K022
03,03K02J
03,03K02Z
03,03K03J
03,03K04J
03,03M021
03,03M022
03,03M023
03,03M02T
03,03M031
03,03M033
03,03M041
03,03M042
03,03M043
03,03M044
03,03M04T
03,03M051
03,03M052
03,03M053
03,03M05T
03,03M05Z
03,03M061
03,03M062
03,03M063
03,03M06T
03,03M06Z
03,03M071
03,03M072
03,03M073
03,03M074
03,03M07T
03,03M07V
03,03M07W
03,03M091
03,03M092
03,03M093
03,03M094
03,03M09T
03,03M09V
03,03M111
03,03M112
03,03M113
03,03M114
03,03M11T
03,03M11V
03,03M11W
03,03M131
03,03M132
03,03M133
03,03M134
03,03M14Z
03,03M15T
03,03M15Z
04,04C01S
04,04C021
04,04C022
04,04C023
04,04C024
04,04C02V
04,04C02W
04,04C031
04,04C032
04,04C033
04,04C034
04,04C03W
04,04C041
04,04C042
04,04C043
04,04C044
04,04K02J
04,04M021
04,04M022
04,04M023
04,04M02T
04,04M02V
04,04M031
04,04M032
04,04M033
04,04M034
04,04M03T
04,04M03V
04,04M03W
04,04M051
04,04M052
04,04M053
04,04M054
04,04M05T
04,04M05V
04,04M05W
04,04M061
04,04M071
04,04M072
04,04M073
04,04M074
04,04M07T
04,04M07V
04,04M07W
04,04M081
04,04M082
04,04M083
04,04M084
04,04M08T
04,04M08V
04,04M08W
04,04M091
04,04M092
04,04M093
04,04M094
04,04M09T
04,04M09V
04,04M09W
04,04M101
04,04M102
04,04M103
04,04M104
04,04M10T
04,04M10V
04,04M10W
04,04M111
04,04M112
04,04M113
04,04M114
04,04M11V
04,04M11W
04,04M121
04,04M122
04,04M123
04,04M124
04,04M12T
04,04M12V
04,04M12W
04,04M131
04,04M132
04,04M133
04,04M134
04,04M13T
04,04M13Z
04,04M141
04,04M142
04,04M143
04,04M144
04,04M14T
04,04M14V
04,04M14W
04,04M151
04,04M152
04,04M153
04,04M154
04,04M15T
04,04M15V
04,04M15W
04,04M161
04,04M162
04,04M163
04,04M164
04,04M16T
04,04M171
04,04M172
04,04M173
04,04M174
04,04M17T
04,04M17V
04,04M17W
04,04M182
04,04M183
04,04M184
04,04M18T
04,04M191
04,04M192
04,04M193
04,04M194
04,04M201
04,04M202
04,04M203
04,04M204
04,04M20T
04,04M211
04,04M212
04,04M213
04,04M22Z
04,04M23T
04,04M23Z
04,04M24E
04,04M251
04,04M252
04,04M253
04,04M254
04,04M25T
04,04M263
04,04M26T
05,05C021
05,05C022
05,05C023
05,05C024
05,05C02Z
05,05C031
05,05C032
05,05C033
05,05C034
05,05C03W
05,05C041
05,05C042
05,05C043
05,05C044
05,05C04V
05,05C04W
05,05C051
05,05C052
05,05C053
05,05C054
05,05C05V
05,05C05W
05,05C061
05,05C062
05,05C063
05,05C064
05,05C06V
05,05C081
05,05C082
05,05C083
05,05C084
05,05C08T
05,05C101
05,05C102
05,05C103
05,05C104
05,05C10V
05,05C10W
05,05C111
05,05C112
05,05C113
05,05C114
05,05C11J
05,05C11V
05,05C11W
05,05C121
05,05C122
05,05C123
05,05C124
05,05C12W
05,05C131
05,05C132
05,05C133
05,05C134
05,05C13J
05,05C13V
05,05C13W
05,05C141
05,05C142
05,05C143
05,05C144
05,05C151
05,05C152
05,05C153
05,05C154
05,05C15T
05,05C15Z
05,05C171
05,05C172
05,05C173
05,05C17J
05,05C17V
05,05C17W
05,05C181
05,05C182
05,05C183
05,05C184
05,05C18J
05,05C18Z
05,05C191
05,05C192
05,05C193
05,05C194
05,05C19T
05,05C19Z
05,05C201
05,05C202
05,05C203
05,05C204
05,05C211
05,05C212
05,05C213
05,05C214
05,05C21J
05,05C221
05,05C222
05,05C223
05,05C224
05,05C22T
05,05K051
05,05K052
05,05K053
05,05K054
05,05K05V
05,05K05W
05,05K061
05,05K062
05,05K063
05,05K064
05,05K06T
05,05K06V
05,05K06W
05,05K07Z
05,05K08Z
05,05K09Z
05,05K101
05,05K102
05,05K103
05,05K104
05,05K10J
05,05K10Z
05,05K111
05,05K112
05,05K11T
05,05K11Z
05,05K121
05,05K131
05,05K132
05,05K133
05,05K134
05,05K13J
05,05K13Z
05,05K14Z
05,05K151
05,05K15J
05,05K17J
05,05K18J
05,05K191
05,05K192
05,05K193
05,05K194
05,05K201
05,05K202
05,05K203
05,05K204
05,05K20T
05,05K211
05,05K212
05,05K213
05,05K214
05,05K221
05,05K222
05,05K223
05,05K224
05,05K231
05,05K232
05,05K233
05,05K234
05,05K23J
05,05K241
05,05K242
05,05K243
05,05K24J
05,05K251
05,05K252
05,05K253
05,05K254
05,05K25J
05,05K261
05,05K262
05,05K26J
05,05M03Z
05,05M041
05,05M042
05,05M043
05,05M044
05,05M04T
05,05M04V
05,05M04W
05,05M051
05,05M052
05,05M053
05,05M054
05,05M05T
05,05M05V
05,05M05W
05,05M061
05,05M062
05,05M063
05,05M064
05,05M06T
05,05M06V
05,05M06W
05,05M071
05,05M072
05,05M073
05,05M074
05,05M07T
05,05M07V
05,05M07W
05,05M081
05,05M082
05,05M083
05,05M084
05,05M08T
05,05M08V
05,05M08W
05,05M091
05,05M092
05,05M093
05,05M094
05,05M09T
05,05M111
05,05M112
05,05M113
05,05M114
05,05M11T
05,05M121
05,05M122
05,05M123
05,05M124
05,05M12T
05,05M12V
05,05M12W
05,05M131
05,05M132
05,05M134
05,05M13T
05,05M13Z
05,05M141
05,05M142
05,05M143
05,05M144
05,05M151
05,05M152
05,05M153
05,05M154
05,05M15T
05,05M15Z
05,05M161
05,05M162
05,05M163
05,05M164
05,05M16T
05,05M16V
05,05M171
05,05M172
05,05M173
05,05M174
05,05M17T
05,05M17V
05,05M17W
05,05M181
05,05M182
05,05M183
05,05M184
05,05M18T
05,05M18Z
05,05M191
05,05M20Z
05,05M21E
05,05M22E
05,05M23T
05,05M23Z
06,06C031
06,06C032
06,06C033
06,06C034
06,06C03W
06,06C041
06,06C042
06,06C043
06,06C044
06,06C04V
06,06C04W
06,06C071
06,06C072
06,06C073
06,06C074
06,06C07W
06,06C081
06,06C082
06,06C083
06,06C084
06,06C08W
06,06C091
06,06C092
06,06C093
06,06C09V
06,06C09W
06,06C103
06,06C111
06,06C112
06,06C113
06,06C114
06,06C11J
06,06C11V
06,06C11W
06,06C121
06,06C122
06,06C123
06,06C124
06,06C12J
06,06C12V
06,06C12W
06,06C131
06,06C132
06,06C133
06,06C134
06,06C141
06,06C142
06,06C143
06,06C144
06,06C14J
06,06C14V
06,06C14W
06,06C151
06,06C152
06,06C153
06,06C154
06,06C161
06,06C162
06,06C163
06,06C164
06,06C16V
06,06C17V
06,06C17W
06,06C191
06,06C192
06,06C193
06,06C194
06,06C19J
06,06C201
06,06C203
06,06C204
06,06C211
06,06C212
06,06C213
06,06C214
06,06C221
06,06C222
06,06C223
06,06C224
06,06C232
06,06C233
06,06C234
06,06C241
06,06C242
06,06C243
06,06C244
06,06C24J
06,06C251
06,06C252
06,06C253
06,06C254
06,06C25J
06,06K02Z
06,06K03J
06,06K04J
06,06K05J
06,06K06J
06,06M01S
06,06M022
06,06M02T
06,06M031
06,06M032
06,06M033
06,06M034
06,06M03T
06,06M03V
06,06M03W
06,06M041
06,06M042
06,06M043
06,06M044
06,06M04T
06,06M04V
06,06M04W
06,06M051
06,06M052
06,06M053
06,06M054
06,06M05T
06,06M05V
06,06M05W
06,06M061
06,06M062
06,06M063
06,06M064
06,06M06T
06,06M06V
06,06M06W
06,06M071
06,06M072
06,06M073
06,06M074
06,06M081
06,06M082
06,06M083
06,06M084
06,06M091
06,06M092
06,06M093
06,06M094
06,06M09T
06,06M09V
06,06M09W
06,06M101
06,06M102
06,06M103
06,06M104
06,06M111
06,06M112
06,06M113
06,06M114
06,06M11T
06,06M11V
06,06M11W
06,06M121
06,06M122
06,06M123
06,06M124
06,06M12T
06,06M131
06,06M132
06,06M133
06,06M134
06,06M13T
06,06M16Z
06,06M17T
06,06M17Z
06,06M18T
06,06M18Z
06,06M191
06,06M192
06,06M193
06,06M194
06,06M201
06,06M202
06,06M203
06,06M204
06,06M20T
07,07C04V
07,07C04W
07,07C063
07,07C071
07,07C072
07,07C073
07,07C074
07,07C082
07,07C083
07,07C084
07,07C091
07,07C092
07,07C093
07,07C094
07,07C09V
07,07C101
07,07C102
07,07C103
07,07C104
07,07C112
07,07C113
07,07C114
07,07C121
07,07C122
07,07C123
07,07C124
07,07C12W
07,07C131
07,07C132
07,07C133
07,07C134
07,07C141
07,07C142
07,07C143
07,07C144
07,07C14J
07,07K02Z
07,07K04J
07,07K061
07,07K062
07,07K063
07,07M01S
07,07M021
07,07M022
07,07M023
07,07M024
07,07M02T
07,07M02V
07,07M02W
07,07M03V
07,07M03W
07,07M041
07,07M042
07,07M043
07,07M044
07,07M04T
07,07M04V
07,07M04W
07,07M05W
07,07M061
07,07M062
07,07M063
07,07M064
07,07M06T
07,07M06V
07,07M06W
07,07M071
07,07M072
07,07M073
07,07M074
07,07M07T
07,07M081
07,07M082
07,07M083
07,07M084
07,07M08T
07,07M091
07,07M092
07,07M093
07,07M094
07,07M09T
07,07M101
07,07M102
07,07M103
07,07M104
07,07M10T
07,07M111
07,07M112
07,07M113
07,07M114
07,07M11T
07,07M121
07,07M13Z
07,07M14T
07,07M14Z
07,07M151
07,07M152
07,07M153
07,07M154
08,08C01S
08,08C023
08,08C024
08,08C02Z
08,08C043
08,08C05V
08,08C05W
08,08C062
08,08C063
08,08C064
08,08C09V
08,08C09W
08,08C10V
08,08C10W
08,08C11V
08,08C11W
08,08C123
08,08C131
08,08C132
08,08C13Z
08,08C141
08,08C142
08,08C14J
08,08C14Z
08,08C15V
08,08C15W
08,08C18V
08,08C19Z
08,08C211
08,08C212
08,08C213
08,08C214
08,08C21J
08,08C21V
08,08C21W
08,08C221
08,08C222
08,08C223
08,08C224
08,08C22Z
08,08C23V
08,08C23W
08,08C241
08,08C242
08,08C243
08,08C244
08,08C24Z
08,08C251
08,08C252
08,08C253
08,08C254
08,08C25Z
08,08C26Z
08,08C271
08,08C272
08,08C273
08,08C274
08,08C27V
08,08C27W
08,08C291
08,08C292
08,08C29J
08,08C30V
08,08C30W
08,08C321
08,08C322
08,08C323
08,08C324
08,08C331
08,08C332
08,08C341
08,08C34J
08,08C351
08,08C352
08,08C353
08,08C354
08,08C35J
08,08C371
08,08C372
08,08C373
08,08C37J
08,08C381
08,08C382
08,08C38J
08,08C391
08,08C392
08,08C393
08,08C394
08,08C39J
08,08C401
08,08C402
08,08C40J
08,08C411
08,08C412
08,08C41J
08,08C421
08,08C422
08,08C423
08,08C424
08,08C42J
08,08C431
08,08C432
08,08C434
08,08C43J
08,08C441
08,08C442
08,08C443
08,08C44J
08,08C451
08,08C452
08,08C45J
08,08C461
08,08C462
08,08C463
08,08C464
08,08C46J
08,08C471
08,08C472
08,08C473
08,08C474
08,08C481
08,08C482
08,08C483
08,08C484
08,08C491
08,08C492
08,08C493
08,08C494
08,08C501
08,08C502
08,08C503
08,08C504
08,08C512
08,08C513
08,08C514
08,08C521
08,08C522
08,08C523
08,08C524
08,08C531
08,08C532
08,08C533
08,08C541
08,08C542
08,08C543
08,08C544
08,08C551
08,08C552
08,08C561
08,08C562
08,08C563
08,08C564
08,08C581
08,08C582
08,08C58J
08,08C59J
08,08C601
08,08C60J
08,08C612
08,08C613
08,08C614
08,08C621
08,08C622
08,08C623
08,08C624
08,08C62J
08,08K02J
08,08K031
08,08K033
08,08K041
08,08K042
08,08K043
08,08M01S
08,08M03V
08,08M03W
08,08M041
08,08M042
08,08M043
08,08M044
08,08M04T
08,08M04V
08,08M04W
08,08M051
08,08M052
08,08M053
08,08M054
08,08M05T
08,08M05Z
08,08M071
08,08M072
08,08M073
08,08M07T
08,08M07V
08,08M07W
08,08M081
08,08M082
08,08M08T
08,08M091
08,08M092
08,08M093
08,08M094
08,08M09T
08,08M09Z
08,08M101
08,08M102
08,08M103
08,08M104
08,08M10T
08,08M10V
08,08M10W
08,08M11V
08,08M11W
08,08M12V
08,08M12W
08,08M13Z
08,08M141
08,08M142
08,08M143
08,08M144
08,08M14T
08,08M14V
08,08M14W
08,08M151
08,08M152
08,08M153
08,08M154
08,08M15T
08,08M15W
08,08M16Z
08,08M17Z
08,08M181
08,08M182
08,08M183
08,08M18T
08,08M18Z
08,08M191
08,08M192
08,08M193
08,08M194
08,08M19T
08,08M19V
08,08M19W
08,08M211
08,08M212
08,08M213
08,08M214
08,08M221
08,08M222
08,08M223
08,08M231
08,08M232
08,08M233
08,08M241
08,08M242
08,08M243
08,08M24T
08,08M251
08,08M252
08,08M253
08,08M254
08,08M25T
08,08M261
08,08M262
08,08M263
08,08M264
08,08M271
08,08M272
08,08M273
08,08M274
08,08M27T
08,08M281
08,08M282
08,08M283
08,08M284
08,08M28T
08,08M291
08,08M292
08,08M293
08,08M294
08,08M29T
08,08M301
08,08M302
08,08M303
08,08M30T
08,08M311
08,08M312
08,08M313
08,08M314
08,08M31T
08,08M321
08,08M322
08,08M323
08,08M324
08,08M32T
08,08M331
08,08M332
08,08M33T
08,08M341
08,08M342
08,08M343
08,08M35Z
08,08M36T
08,08M36Z
08,08M371
08,08M372
08,08M373
08,08M374
08,08M37T
08,08M383
09,09C021
09,09C022
09,09C023
09,09C024
09,09C02J
09,09C02W
09,09C031
09,09C032
09,09C033
09,09C034
09,09C03J
09,09C03V
09,09C041
09,09C042
09,09C043
09,09C044
09,09C04V
09,09C04W
09,09C051
09,09C052
09,09C053
09,09C054
09,09C05J
09,09C05V
09,09C061
09,09C062
09,09C06T
09,09C06Z
09,09C071
09,09C072
09,09C073
09,09C07J
09,09C081
09,09C082
09,09C084
09,09C091
09,09C092
09,09C09J
09,09C09Z
09,09C101
09,09C102
09,09C103
09,09C104
09,09C10J
09,09C10V
09,09C10W
09,09C112
09,09C121
09,09C123
09,09C12J
09,09C13J
09,09C141
09,09C142
09,09C151
09,09C152
09,09C153
09,09C154
09,09C15J
09,09K02J
09,09M031
09,09M032
09,09M033
09,09M034
09,09M03T
09,09M03V
09,09M03W
09,09M051
09,09M052
09,09M053
09,09M054
09,09M05T
09,09M05V
09,09M05W
09,09M061
09,09M062
09,09M063
09,09M064
09,09M06T
09,09M06Z
09,09M071
09,09M072
09,09M073
09,09M074
09,09M07T
09,09M07V
09,09M07W
09,09M081
09,09M082
09,09M083
09,09M084
09,09M08T
09,09M08W
09,09M091
09,09M092
09,09M093
09,09M101
09,09M102
09,09M103
09,09M104
09,09M10T
09,09M10V
09,09M111
09,09M112
09,09M113
09,09M11T
09,09M12Z
09,09M13Z
09,09M14T
09,09M14Z
09,09Z02Z
10,10C021
10,10C023
10,10C032
10,10C033
10,10C03Z
10,10C051
10,10C052
10,10C053
10,10C05Z
10,10C082
10,10C083
10,10C084
10,10C08Z
10,10C091
10,10C092
10,10C09Z
10,10C101
10,10C102
10,10C103
10,10C104
10,10C10Z
10,10C111
10,10C112
10,10C11W
10,10C121
10,10C122
10,10C123
10,10C12V
10,10C131
10,10C132
10,10C133
10,10C134
10,10C13Z
10,10M01S
10,10M021
10,10M022
10,10M023
10,10M024
10,10M02T
10,10M02V
10,10M02W
10,10M031
10,10M032
10,10M033
10,10M03Z
10,10M05V
10,10M05W
10,10M06Z
10,10M071
10,10M072
10,10M073
10,10M074
10,10M07T
10,10M07V
10,10M07W
10,10M081
10,10M082
10,10M083
10,10M084
10,10M08T
10,10M091
10,10M092
10,10M093
10,10M094
10,10M09T
10,10M102
10,10M103
10,10M10T
10,10M111
10,10M112
10,10M113
10,10M11T
10,10M121
10,10M122
10,10M123
10,10M124
10,10M12T
10,10M13T
10,10M13Z
10,10M14T
10,10M14Z
10,10M152
10,10M161
10,10M162
10,10M163
10,10M164
10,10M16T
10,10M181
10,10M182
10,10M183
10,10M184
10,10M18T
11,11C01S
11,11C021
11,11C022
11,11C023
11,11C024
11,11C02V
11,11C031
11,11C032
11,11C033
11,11C034
11,11C03V
11,11C041
11,11C042
11,11C043
11,11C044
11,11C051
11,11C052
11,11C053
11,11C054
11,11C05J
11,11C05V
11,11C05W
11,11C071
11,11C072
11,11C081
11,11C082
11,11C083
11,11C084
11,11C08T
11,11C08V
11,11C08W
11,11C091
11,11C092
11,11C093
11,11C094
11,11C09J
11,11C101
11,11C111
11,11C112
11,11C113
11,11C114
11,11C11J
11,11C12J
11,11C131
11,11C132
11,11C133
11,11C134
11,11C13J
11,11K021
11,11K022
11,11K023
11,11K024
11,11K02J
11,11K02V
11,11K02W
11,11K03Z
11,11K04Z
11,11K05Z
11,11K06Z
11,11K07Z
11,11K08J
11,11M01S
11,11M021
11,11M022
11,11M023
11,11M02T
11,11M02W
11,11M041
11,11M042
11,11M043
11,11M044
11,11M04T
11,11M04V
11,11M04W
11,11M061
11,11M062
11,11M063
11,11M064
11,11M06T
11,11M06V
11,11M06W
11,11M071
11,11M072
11,11M073
11,11M074
11,11M07T
11,11M07V
11,11M07W
11,11M081
11,11M082
11,11M083
11,11M084
11,11M08T
11,11M08Z
11,11M09V
11,11M09W
11,11M101
11,11M102
11,11M103
11,11M10T
11,11M10W
11,11M121
11,11M122
11,11M123
11,11M124
11,11M12T
11,11M12V
11,11M12W
11,11M151
11,11M152
11,11M153
11,11M154
11,11M15T
11,11M161
11,11M162
11,11M163
11,11M164
11,11M16T
11,11M171
11,11M172
11,11M174
11,11M18Z
11,11M19T
11,11M19Z
12,12C01S
12,12C031
12,12C032
12,12C033
12,12C041
12,12C042
12,12C043
12,12C044
12,12C04J
12,12C04V
12,12C04W
12,12C051
12,12C052
12,12C061
12,12C071
12,12C072
12,12C073
12,12C07J
12,12C07Z
12,12C081
12,12C082
12,12C083
12,12C08J
12,12C08Z
12,12C091
12,12C101
12,12C102
12,12C111
12,12C112
12,12C113
12,12C11Z
12,12C121
12,12C122
12,12C123
12,12C124
12,12K02Z
12,12K03Z
12,12K06J
12,12M02V
12,12M02W
12,12M031
12,12M032
12,12M033
12,12M034
12,12M03T
12,12M03V
12,12M041
12,12M042
12,12M043
12,12M044
12,12M04T
12,12M04V
12,12M04W
12,12M051
12,12M052
12,12M053
12,12M05T
12,12M061
12,12M062
12,12M063
12,12M064
12,12M06T
12,12M071
12,12M072
12,12M073
12,12M074
12,12M07T
12,12M08Z
12,12M09Z
13,13C031
13,13C032
13,13C033
13,13C034
13,13C03V
13,13C03W
13,13C041
13,13C042
13,13C043
13,13C04V
13,13C04W
13,13C051
13,13C052
13,13C053
13,13C06J
13,13C071
13,13C072
13,13C073
13,13C074
13,13C07V
13,13C081
13,13C082
13,13C083
13,13C08J
13,13C08W
13,13C091
13,13C092
13,13C09Z
13,13C111
13,13C112
13,13C113
13,13C11J
13,13C121
13,13C122
13,13C12J
13,13C12Z
13,13C132
13,13C133
13,13C141
13,13C142
13,13C143
13,13C144
13,13C14V
13,13C151
13,13C152
13,13C153
13,13C154
13,13C15V
13,13C16J
13,13C171
13,13C172
13,13C17J
13,13C191
13,13K02Z
13,13K04Z
13,13K06J
13,13M02Z
13,13M031
13,13M032
13,13M033
13,13M034
13,13M03T
13,13M03V
13,13M03W
13,13M041
13,13M042
13,13M043
13,13M04T
13,13M04V
13,13M051
13,13M052
13,13M061
13,13M062
13,13M063
13,13M064
13,13M071
13,13M09Z
13,13M10Z
14,14C02A
14,14C02C
14,14C05J
14,14C05Z
14,14C07A
14,14C07C
14,14C07D
14,14C08A
14,14C08C
14,14C08D
14,14M02A
14,14M02T
14,14M02Z
14,14M03A
14,14M03D
14,14M03T
14,14Z02A
14,14Z02B
14,14Z02C
14,14Z03A
14,14Z03B
14,14Z03T
14,14Z05Z
14,14Z07Z
14,14Z08Z
14,14Z10B
14,14Z13A
14,14Z13T
14,14Z14A
14,14Z14B
14,14Z14C
14,14Z16T
14,14Z16Z
15,15M06A
15,15M09A
15,15M11A
15,15Z02T
15,15Z03Z
15,15Z05A
15,15Z05B
15,15Z05C
15,15Z07A
16,16C021
16,16C022
16,16C023
16,16C024
16,16C031
16,16C032
16,16C033
16,16C034
16,16C03J
16,16M01S
16,16M02W
16,16M04V
16,16M04W
16,16M05V
16,16M061
16,16M062
16,16M063
16,16M064
16,16M081
16,16M083
16,16M091
16,16M092
16,16M093
16,16M094
16,16M09T
16,16M101
16,16M102
16,16M103
16,16M104
16,16M10T
16,16M111
16,16M112
16,16M113
16,16M114
16,16M11T
16,16M121
16,16M122
16,16M123
16,16M12T
16,16M131
16,16M132
16,16M133
16,16M134
16,16M13T
16,16M14Z
16,16M15T
16,16M15Z
17,17C021
17,17C022
17,17C023
17,17C024
17,17C02V
17,17C02W
17,17C031
17,17C032
17,17C033
17,17C034
17,17C03J
17,17C03W
17,17C041
17,17C042
17,17C043
17,17C04V
17,17C051
17,17C052
17,17C05J
17,17C05V
17,17C05W
17,17C061
17,17C064
17,17C071
17,17C072
17,17C081
17,17C082
17,17C083
17,17C08J
17,17K02Z
17,17K041
17,17K042
17,17K043
17,17K044
17,17K04Z
17,17K051
17,17K061
17,17K062
17,17K06Z
17,17K07J
17,17K091
17,17K093
17,17M01S
17,17M04Z
17,17M051
17,17M052
17,17M053
17,17M054
17,17M061
17,17M062
17,17M063
17,17M064
17,17M06T
17,17M06V
17,17M06W
17,17M071
17,17M072
17,17M073
17,17M074
17,17M07T
17,17M07V
17,17M07W
17,17M091
17,17M092
17,17M093
17,17M094
17,17M09T
17,17M09W
17,17M10V
17,17M10W
17,17M111
17,17M112
17,17M113
17,17M114
17,17M11T
17,17M121
17,17M122
17,17M123
17,17M124
17,17M12T
17,17M131
17,17M132
17,17M133
17,17M134
17,17M13T
17,17M14Z
17,17M151
17,17M152
17,17M153
17,17M154
17,17M15T
17,17M161
17,17M162
17,17M163
17,17M164
17,17M16T
17,17M171
17,17M172
17,17M173
17,17M17T
18,18C021
18,18C022
18,18C023
18,18C024
18,18C02V
18,18C02W
18,18M021
18,18M022
18,18M024
18,18M031
18,18M032
18,18M033
18,18M034
18,18M041
18,18M042
18,18M043
18,18M044
18,18M04T
18,18M04V
18,18M05V
18,18M05W
18,18M06Z
18,18M071
18,18M072
18,18M073
18,18M074
18,18M07T
18,18M07V
18,18M07W
18,18M08W
18,18M092
18,18M093
18,18M09T
18,18M102
18,18M103
18,18M104
18,18M10T
18,18M111
18,18M112
18,18M113
18,18M114
18,18M11T
18,18M12Z
18,18M13E
18,18M14T
18,18M14Z
18,18Z01S
19,19C022
19,19C023
19,19C024
19,19C02Z
19,19M021
19,19M022
19,19M023
19,19M024
19,19M02T
19,19M02V
19,19M02W
19,19M03Z
19,19M04Z
19,19M05Z
19,19M061
19,19M062
19,19M063
19,19M064
19,19M06T
19,19M06V
19,19M06W
19,19M071
19,19M072
19,19M073
19,19M074
19,19M07T
19,19M07V
19,19M07W
19,19M09Z
19,19M101
19,19M102
19,19M103
19,19M10T
19,19M111
19,19M112
19,19M113
19,19M114
19,19M11T
19,19M11V
19,19M11W
19,19M122
19,19M123
19,19M124
19,19M12T
19,19M131
19,19M132
19,19M133
19,19M13T
19,19M141
19,19M142
19,19M143
19,19M144
19,19M14T
19,19M151
19,19M152
19,19M153
19,19M154
19,19M15T
19,19M161
19,19M162
19,19M163
19,19M16T
19,19M171
19,19M181
19,19M183
19,19M191
19,19M192
19,19M193
19,19M194
19,19M19T
19,19M201
19,19M202
19,19M203
19,19M20T
19,19M21Z
19,19M22T
19,19M22Z
20,20Z021
20,20Z022
20,20Z023
20,20Z02T
20,20Z031
20,20Z033
20,20Z034
20,20Z03Z
20,20Z041
20,20Z042
20,20Z043
20,20Z044
20,20Z04T
20,20Z04Z
20,20Z051
20,20Z052
20,20Z053
20,20Z054
20,20Z05Z
20,20Z061
20,20Z062
20,20Z063
20,20Z064
20,20Z06T
20,20Z06V
20,20Z06W
21,21C021
21,21C024
21,21C02J
21,21C033
21,21C043
21,21C044
21,21C04J
21,21C051
21,21C052
21,21C053
21,21C054
21,21C05J
21,21C05V
21,21C05W
21,21C061
21,21C063
21,21C064
21,21C06J
21,21K02J
21,21M01S
21,21M03V
21,21M03W
21,21M041
21,21M051
21,21M052
21,21M053
21,21M054
21,21M05T
21,21M05Z
21,21M071
21,21M072
21,21M073
21,21M074
21,21M07T
21,21M07V
21,21M07W
21,21M08W
21,21M09V
21,21M09W
21,21M101
21,21M102
21,21M103
21,21M104
21,21M10T
21,21M111
21,21M11T
21,21M121
21,21M124
21,21M131
21,21M133
21,21M141
21,21M142
21,21M143
21,21M144
21,21M14T
21,21M151
21,21M152
21,21M153
21,21M154
21,21M15T
21,21M161
21,21M162
21,21M163
21,21M164
21,21M16T
22,22C022
22,22C023
22,22C024
22,22C02J
22,22C034
22,22C03Z
22,22K02J
22,22M021
22,22M023
22,22M024
22,22M02Z
22,22Z021
22,22Z023
22,22Z024
22,22Z03Z
23,23C021
23,23C022
23,23C023
23,23C024
23,23C02J
23,23C02Z
23,23K02Z
23,23K03J
23,23M02T
23,23M02Z
23,23M03V
23,23M03W
23,23M05Z
23,23M061
23,23M062
23,23M063
23,23M064
23,23M06T
23,23M06Z
23,23M07J
23,23M08J
23,23M091
23,23M092
23,23M093
23,23M094
23,23M101
23,23M102
23,23M103
23,23M104
23,23M10T
23,23M11T
23,23M14Z
23,23M15Z
23,23M16T
23,23M16Z
23,23M18Z
23,23M19Z
23,23M20T
23,23M20Z
23,23M21T
23,23Z02T
23,23Z02Z
24,24C02Z
24,24C03Z
24,24C04Z
24,24C07Z
24,24C09Z
24,24C10Z
24,24C11Z
24,24C12Z
24,24C13Z
24,24C15Z
24,24C17Z
24,24C18Z
24,24C20Z
24,24C21Z
24,24C22Z
24,24C23Z
24,24C24Z
24,24C28Z
24,24C29Z
24,24C30Z
24,24C32Z
24,24C33Z
24,24C39Z
24,24C41Z
24,24C42Z
24,24C44Z
24,24C46Z
24,24C47Z
24,24C48Z
24,24C49Z
24,24C54Z
24,24C55Z
24,24K04Z
24,24K05Z
24,24K08Z
24,24K09Z
24,24K10Z
24,24K12Z
24,24K14Z
24,24K15Z
24,24K16Z
24,24K17Z
24,24K18Z
24,24K20Z
24,24K25Z
24,24K26Z
24,24K27Z
24,24K28Z
24,24K29Z
24,24K30Z
24,24K31Z
24,24K32Z
24,24K33Z
24,24K34Z
24,24K35Z
24,24K36Z
24,24K38Z
24,24K39Z
24,24M01Z
24,24M02Z
24,24M03Z
24,24M04Z
24,24M06Z
24,24M07Z
24,24M08Z
24,24M09Z
24,24M10Z
24,24M11Z
24,24M12Z
24,24M13Z
24,24M14Z
24,24M15Z
24,24M16Z
24,24M17Z
24,24M18Z
24,24M19Z
24,24M20Z
24,24M21Z
24,24M22Z
24,24M23Z
24,24M25Z
24,24M26Z
24,24M27Z
24,24M28Z
24,24M29Z
24,24M30Z
24,24M31Z
24,24M32Z
24,24M33Z
24,24M34Z
24,24M35Z
24,24M36Z
24,24M37Z
24,24M38Z
24,24M39Z
24,24M40Z
24,24M41Z
24,24M43Z
24,24Z15Z
24,24Z17Z
24,24Z22Z
25,25C021
25,25C023
25,25M02A
25,25M02B
25,25M02C
25,25M02T
25,25Z02E
26,26C021
26,26C022
26,26C023
26,26C024
26,26M021
26,26M022
26,26M023
26,26M024
26,26M02Z
27,27C021
27,27C022
27,27C023
27,27C024
27,27C034
27,27C042
27,27C044
27,27C052
27,27C053
27,27C054
27,27C061
27,27C062
27,27C063
27,27C064
27,27C06Z
27,27Z022
27,27Z023
27,27Z024
27,27Z03Z
27,27Z04J
28,28Z01Z
28,28Z02Z
28,28Z03Z
28,28Z04Z
28,28Z05Z
28,28Z07Z
28,28Z08Z
28,28Z09Z
28,28Z10Z
28,28Z11Z
28,28Z12Z
28,28Z13Z
28,28Z14Z
28,28Z15Z
28,28Z16Z
28,28Z17Z
28,28Z18Z
28,28Z19Z
28,28Z20Z
28,28Z21Z
28,28Z22Z
28,28Z23Z
28,28Z24Z
28,28Z25Z
90,90H02Z
90,90Z02Z
